               epoch,      train/box_loss,      train/obj_loss,      train/cls_loss,   metrics/precision,      metrics/recall,     metrics/mAP_0.5,metrics/mAP_0.5:0.95,        val/box_loss,        val/obj_loss,        val/cls_loss,               x/lr0,               x/lr1,               x/lr2
                   0,             0.09977,            0.065169,            0.026917,             0.10273,             0.25063,            0.092772,            0.028496,            0.071126,              0.0494,            0.024704,            0.070588,            0.003268,            0.003268
                   1,             0.07897,            0.063548,            0.023578,             0.11362,             0.39847,             0.15984,              0.0664,             0.06397,            0.039811,            0.022532,            0.040559,           0.0065716,           0.0065716
                   2,            0.075257,            0.053146,            0.022342,             0.43401,              0.3097,             0.20552,             0.10215,            0.061911,            0.038257,            0.021848,            0.010499,           0.0098452,           0.0098452
                   3,            0.072508,            0.049827,            0.021788,             0.43306,             0.32962,             0.22325,            0.098797,            0.060117,            0.037083,            0.020958,            0.009865,            0.009865,            0.009865
                   4,            0.063632,            0.051082,            0.020961,             0.48732,             0.33515,             0.28098,             0.13182,            0.049769,            0.035172,            0.019854,            0.009865,            0.009865,            0.009865
                   5,            0.058104,            0.051368,            0.019972,             0.47575,             0.38461,             0.29863,             0.17123,            0.048521,            0.032937,            0.018751,             0.00982,             0.00982,             0.00982
                   6,            0.053208,            0.046516,            0.018817,             0.31736,             0.46358,             0.32616,             0.18505,            0.048139,            0.032725,            0.017923,            0.009775,            0.009775,            0.009775
                   7,            0.051653,            0.046956,            0.018496,             0.34265,              0.5359,             0.38054,             0.21551,            0.045829,            0.031456,            0.017054,             0.00973,             0.00973,             0.00973
                   8,            0.049469,             0.04714,             0.01768,             0.34782,             0.55545,             0.43557,             0.25281,            0.042199,            0.030426,            0.016441,            0.009685,            0.009685,            0.009685
                   9,            0.046486,            0.045477,            0.016958,             0.59493,             0.46969,              0.4667,             0.26673,             0.04254,            0.029665,            0.015658,             0.00964,             0.00964,             0.00964
                  10,            0.046767,            0.045302,            0.016495,             0.65734,             0.48035,             0.51749,             0.30966,              0.0396,            0.029305,            0.014814,            0.009595,            0.009595,            0.009595
                  11,            0.045753,            0.042595,            0.015502,             0.66777,             0.49021,             0.53509,             0.34007,            0.038041,            0.028463,            0.013907,             0.00955,             0.00955,             0.00955
                  12,            0.044412,            0.043735,             0.01508,              0.7515,             0.51436,             0.59047,             0.30031,            0.044031,            0.028913,            0.013335,            0.009505,            0.009505,            0.009505
                  13,            0.043423,            0.043465,            0.014671,             0.75507,             0.50419,             0.58761,             0.36478,            0.037052,            0.028673,            0.013393,             0.00946,             0.00946,             0.00946
                  14,            0.042881,            0.042573,            0.014487,             0.77034,             0.56358,             0.64229,             0.41165,            0.034685,            0.026214,            0.011865,            0.009415,            0.009415,            0.009415
                  15,            0.040829,            0.042522,            0.014016,             0.81652,             0.56308,             0.66117,             0.44257,            0.032004,            0.026224,            0.011588,             0.00937,             0.00937,             0.00937
                  16,            0.040951,            0.040621,             0.01374,             0.57794,             0.64499,             0.67074,             0.42763,            0.033278,            0.025871,            0.011059,            0.009325,            0.009325,            0.009325
                  17,             0.03951,            0.041645,            0.013417,             0.58433,             0.66663,              0.6708,             0.44289,            0.032938,            0.025544,            0.011147,             0.00928,             0.00928,             0.00928
                  18,             0.03802,            0.038683,            0.012651,             0.59823,             0.70228,             0.69608,             0.44706,            0.031747,             0.02495,            0.010012,            0.009235,            0.009235,            0.009235
                  19,              0.0401,            0.041355,            0.012675,             0.59647,             0.71344,             0.69521,             0.46942,             0.02916,            0.023799,           0.0096235,             0.00919,             0.00919,             0.00919
                  20,            0.039062,            0.039928,            0.012376,             0.61194,             0.70463,             0.68658,             0.47461,            0.029177,            0.024335,           0.0093707,            0.009145,            0.009145,            0.009145
                  21,            0.037876,            0.040359,            0.012034,             0.63861,              0.7278,              0.7164,             0.50813,            0.027762,            0.022975,           0.0087512,              0.0091,              0.0091,              0.0091
                  22,            0.037076,            0.038725,            0.011457,             0.61468,             0.72944,              0.7134,             0.48308,            0.029521,            0.023038,           0.0087771,            0.009055,            0.009055,            0.009055
                  23,             0.03625,            0.041896,            0.011248,             0.64053,              0.7478,             0.73073,             0.51502,            0.027026,            0.022238,           0.0083375,             0.00901,             0.00901,             0.00901
                  24,            0.035584,            0.037836,            0.011074,             0.64288,             0.72085,             0.72773,             0.52516,            0.027001,            0.022351,           0.0083968,            0.008965,            0.008965,            0.008965
                  25,             0.03639,            0.038745,            0.010695,              0.6412,             0.73819,              0.7375,              0.5341,            0.025193,            0.021501,           0.0073192,             0.00892,             0.00892,             0.00892
                  26,            0.035479,            0.038886,            0.010586,             0.63661,             0.73815,             0.74001,             0.51577,            0.027594,            0.021713,           0.0071905,            0.008875,            0.008875,            0.008875
                  27,            0.036106,             0.03634,            0.010712,             0.64114,             0.72794,             0.73188,             0.49519,             0.02828,            0.022693,           0.0071786,             0.00883,             0.00883,             0.00883
                  28,            0.035924,            0.038377,            0.010053,             0.68369,             0.75378,             0.76276,              0.5605,            0.024898,            0.020501,           0.0059666,            0.008785,            0.008785,            0.008785
                  29,            0.033951,            0.037579,           0.0095142,             0.67913,             0.73104,             0.76178,             0.56434,            0.023996,            0.020073,           0.0064502,             0.00874,             0.00874,             0.00874
                  30,            0.034241,            0.037936,            0.010198,             0.68829,             0.76407,             0.78008,             0.53312,            0.027761,            0.020491,           0.0058264,            0.008695,            0.008695,            0.008695
                  31,            0.033982,            0.035255,           0.0094017,              0.6549,             0.75946,             0.76728,             0.55082,            0.026887,            0.020438,           0.0059393,             0.00865,             0.00865,             0.00865
                  32,            0.033872,            0.035766,           0.0091432,             0.67188,             0.76622,             0.77653,              0.5666,            0.024453,            0.020714,           0.0056798,            0.008605,            0.008605,            0.008605
                  33,            0.032685,            0.035439,           0.0089903,             0.69644,             0.78981,             0.78627,             0.57924,            0.024514,            0.020041,           0.0052292,             0.00856,             0.00856,             0.00856
                  34,             0.03299,            0.035814,           0.0089542,             0.67291,             0.77771,             0.77223,             0.56575,            0.028139,            0.020509,             0.00492,            0.008515,            0.008515,            0.008515
                  35,            0.032683,            0.035325,           0.0088923,             0.67044,             0.80772,             0.78488,             0.58766,            0.024666,            0.020386,           0.0051005,             0.00847,             0.00847,             0.00847
                  36,            0.033566,            0.035221,           0.0090075,             0.69227,             0.80953,             0.79108,             0.55672,            0.027033,            0.020268,            0.004822,            0.008425,            0.008425,            0.008425
                  37,            0.033676,            0.036958,           0.0088151,             0.69065,             0.77821,             0.79238,             0.57803,            0.024388,            0.019599,           0.0047762,             0.00838,             0.00838,             0.00838
                  38,            0.033144,            0.034636,           0.0085636,             0.73142,             0.82198,             0.80333,             0.59859,            0.024596,            0.019173,           0.0042012,            0.008335,            0.008335,            0.008335
                  39,            0.031867,            0.033066,           0.0080643,             0.72129,             0.81499,             0.81102,             0.61366,            0.022824,            0.018706,           0.0043732,             0.00829,             0.00829,             0.00829
                  40,            0.031467,            0.033128,            0.008134,              0.7269,             0.80165,             0.81186,             0.60098,            0.024228,            0.019274,           0.0042891,            0.008245,            0.008245,            0.008245
                  41,            0.032261,            0.034748,           0.0080608,              0.7326,             0.80516,             0.80937,             0.60973,            0.024466,            0.018847,           0.0042147,              0.0082,              0.0082,              0.0082
                  42,            0.031153,            0.034757,           0.0076542,             0.76334,             0.83619,             0.82598,             0.62945,            0.022209,            0.017852,           0.0038155,            0.008155,            0.008155,            0.008155
                  43,            0.031882,            0.034244,           0.0077414,             0.75895,             0.83062,             0.83705,             0.64487,            0.021979,            0.017792,           0.0039411,             0.00811,             0.00811,             0.00811
                  44,            0.031886,            0.034868,           0.0080905,             0.71028,             0.83133,             0.81179,             0.62833,            0.022026,            0.019005,             0.00432,            0.008065,            0.008065,            0.008065
                  45,            0.031405,            0.034873,           0.0073993,             0.77394,             0.85411,             0.84521,             0.66388,            0.020794,            0.017683,           0.0034113,             0.00802,             0.00802,             0.00802
                  46,            0.030574,            0.033938,           0.0077009,             0.77307,             0.84032,             0.85304,             0.64999,             0.02324,            0.017695,           0.0037298,            0.007975,            0.007975,            0.007975
                  47,            0.029832,             0.03341,           0.0073094,             0.78008,             0.84361,             0.86315,             0.68306,            0.021916,            0.017448,            0.003625,             0.00793,             0.00793,             0.00793
                  48,            0.030086,            0.033382,           0.0071597,             0.79437,                0.84,             0.86196,             0.60725,            0.024137,            0.017954,           0.0032735,            0.007885,            0.007885,            0.007885
                  49,            0.030693,            0.033055,           0.0073251,             0.79294,             0.85111,             0.88504,              0.6985,            0.020901,            0.017693,           0.0038139,             0.00784,             0.00784,             0.00784
                  50,            0.029003,            0.032233,           0.0075576,             0.82212,             0.88768,              0.9045,              0.7277,            0.019883,            0.016979,           0.0032079,            0.007795,            0.007795,            0.007795
                  51,            0.029578,            0.032478,           0.0068618,             0.81411,             0.87741,             0.90953,             0.72761,            0.020602,            0.017136,            0.003301,             0.00775,             0.00775,             0.00775
                  52,            0.027952,            0.031588,           0.0069078,             0.81065,             0.89333,             0.89306,             0.72828,            0.020077,            0.016963,           0.0035061,            0.007705,            0.007705,            0.007705
                  53,             0.02886,            0.031034,           0.0070471,             0.81514,              0.8838,             0.88784,             0.69422,            0.022034,            0.017492,           0.0031611,             0.00766,             0.00766,             0.00766
                  54,            0.029456,            0.032127,           0.0065984,             0.85264,             0.90907,             0.92475,             0.73501,            0.021906,            0.016839,            0.002668,            0.007615,            0.007615,            0.007615
                  55,            0.029923,             0.03145,           0.0068454,              0.8718,             0.92361,             0.93655,             0.75526,            0.020405,            0.016675,           0.0027059,             0.00757,             0.00757,             0.00757
                  56,            0.029831,             0.03254,           0.0069104,             0.89638,             0.92618,             0.94421,              0.7659,            0.019386,            0.016521,           0.0026246,            0.007525,            0.007525,            0.007525
                  57,            0.028465,            0.031055,           0.0063203,              0.9098,             0.93729,             0.96073,              0.7604,            0.020822,            0.016753,           0.0024731,             0.00748,             0.00748,             0.00748
                  58,            0.027817,            0.030659,           0.0063306,             0.93211,             0.93656,             0.96828,              0.8003,            0.019257,             0.01611,           0.0024364,            0.007435,            0.007435,            0.007435
                  59,            0.027642,            0.030672,           0.0061915,             0.94866,             0.93825,             0.97221,             0.79014,            0.019354,            0.015809,           0.0023708,             0.00739,             0.00739,             0.00739
                  60,            0.028923,            0.032313,           0.0063749,             0.93189,             0.93515,             0.95674,             0.79428,             0.01751,            0.015462,           0.0023766,            0.007345,            0.007345,            0.007345
                  61,            0.027766,            0.033335,           0.0062714,             0.94116,             0.95683,             0.96537,             0.80295,            0.017793,             0.01541,           0.0021454,              0.0073,              0.0073,              0.0073
                  62,            0.029044,            0.031684,           0.0062072,              0.9453,             0.95743,             0.97481,             0.80385,            0.018059,            0.015598,           0.0021632,            0.007255,            0.007255,            0.007255
                  63,            0.027493,            0.030998,           0.0055998,             0.94969,             0.97283,             0.97491,             0.81835,            0.017094,            0.015069,           0.0019225,             0.00721,             0.00721,             0.00721
                  64,            0.027539,            0.030504,           0.0057337,             0.96771,             0.95978,             0.98415,              0.8129,            0.017888,            0.015249,            0.001926,            0.007165,            0.007165,            0.007165
                  65,            0.027603,            0.030028,           0.0057387,             0.95983,             0.95464,             0.98478,             0.80537,            0.018367,            0.015313,           0.0019542,             0.00712,             0.00712,             0.00712
                  66,            0.026671,            0.030801,           0.0053114,              0.9639,             0.96408,             0.98569,             0.81074,            0.018541,            0.015259,           0.0018596,            0.007075,            0.007075,            0.007075
                  67,            0.027212,            0.030234,           0.0055616,             0.96936,             0.98211,             0.99014,              0.8324,            0.017846,            0.014936,           0.0019422,             0.00703,             0.00703,             0.00703
                  68,            0.026892,            0.030629,           0.0056662,             0.98478,             0.96642,             0.99064,             0.84013,            0.016718,            0.014923,           0.0018867,            0.006985,            0.006985,            0.006985
                  69,            0.026688,            0.030471,           0.0056604,             0.97673,             0.97115,             0.99097,              0.8236,            0.017153,            0.014904,           0.0017727,             0.00694,             0.00694,             0.00694
                  70,            0.026484,            0.029671,           0.0054691,               0.973,             0.97741,             0.98851,             0.83263,            0.016878,            0.014878,           0.0019126,            0.006895,            0.006895,            0.006895
                  71,            0.026353,            0.029212,           0.0053861,             0.97688,               0.979,             0.98959,             0.82132,            0.016736,            0.014694,            0.001786,             0.00685,             0.00685,             0.00685
                  72,            0.026072,            0.029038,            0.005329,             0.98809,             0.98353,             0.99164,              0.8357,            0.017233,            0.014366,           0.0015844,            0.006805,            0.006805,            0.006805
                  73,            0.025533,            0.026764,           0.0046645,             0.97641,             0.97973,             0.98992,             0.83381,            0.017223,            0.014606,            0.001721,             0.00676,             0.00676,             0.00676
                  74,            0.026153,            0.029401,           0.0051477,             0.98172,             0.98397,             0.99329,             0.83713,            0.016369,            0.014646,           0.0015294,            0.006715,            0.006715,            0.006715
                  75,            0.026612,            0.029704,           0.0053286,             0.97518,               0.986,             0.99216,             0.82283,            0.016852,            0.014832,           0.0015839,             0.00667,             0.00667,             0.00667
                  76,            0.026347,            0.030069,           0.0052115,             0.98333,             0.97789,             0.99234,             0.84105,            0.016397,            0.014782,           0.0014788,            0.006625,            0.006625,            0.006625
                  77,            0.025985,            0.031074,            0.004899,             0.97307,             0.99061,             0.99265,             0.85538,            0.015309,            0.013829,           0.0014149,             0.00658,             0.00658,             0.00658
                  78,            0.026772,            0.031492,           0.0051635,             0.96203,             0.97274,              0.9876,             0.84949,            0.015438,            0.013873,           0.0016069,            0.006535,            0.006535,            0.006535
                  79,            0.025657,            0.028861,           0.0047147,             0.98719,             0.98333,             0.99135,             0.84563,            0.015385,            0.013752,           0.0014037,             0.00649,             0.00649,             0.00649
                  80,            0.025933,            0.028563,           0.0048468,             0.98896,             0.98544,             0.99239,             0.84969,            0.016258,             0.01406,           0.0013002,            0.006445,            0.006445,            0.006445
                  81,            0.025776,            0.029617,           0.0047169,             0.99159,             0.98515,             0.99348,             0.86132,            0.015268,            0.013772,           0.0012723,              0.0064,              0.0064,              0.0064
                  82,            0.024949,            0.028227,           0.0045999,             0.99036,             0.99121,             0.99407,             0.85961,            0.015695,            0.013652,           0.0012504,            0.006355,            0.006355,            0.006355
                  83,            0.024934,            0.028585,           0.0046983,             0.99243,             0.98555,             0.99302,             0.85212,            0.016348,            0.014003,           0.0014447,             0.00631,             0.00631,             0.00631
                  84,            0.024761,            0.027559,            0.004342,             0.99153,             0.98867,             0.99294,             0.85839,            0.016311,            0.013851,           0.0012582,            0.006265,            0.006265,            0.006265
                  85,            0.024775,            0.027179,            0.004628,             0.98305,             0.98703,             0.99205,             0.86104,            0.015545,            0.013525,           0.0013338,             0.00622,             0.00622,             0.00622
                  86,            0.024928,            0.029348,           0.0047625,             0.98066,             0.98931,             0.99207,             0.86399,            0.015072,            0.013709,           0.0014613,            0.006175,            0.006175,            0.006175
                  87,            0.025645,            0.029587,           0.0050844,             0.98909,             0.98631,             0.99207,             0.85943,            0.015118,            0.013582,           0.0013866,             0.00613,             0.00613,             0.00613
                  88,            0.024376,            0.028056,           0.0043146,             0.99424,              0.9885,             0.99223,             0.86018,            0.015111,            0.013554,           0.0013205,            0.006085,            0.006085,            0.006085
                  89,            0.025174,            0.029863,            0.004705,             0.98254,              0.9884,             0.99245,             0.86831,             0.01434,            0.013215,           0.0013169,             0.00604,             0.00604,             0.00604
                  90,            0.024552,            0.028676,           0.0045219,             0.98126,             0.98686,             0.99205,             0.86392,             0.01474,            0.013349,           0.0011672,            0.005995,            0.005995,            0.005995
                  91,            0.024883,            0.028178,           0.0044075,             0.98368,             0.98532,             0.99135,             0.85877,            0.014874,            0.013241,           0.0012657,             0.00595,             0.00595,             0.00595
                  92,            0.023858,            0.028794,           0.0045515,             0.98156,             0.98984,             0.99172,             0.85962,            0.015226,             0.01346,           0.0013958,            0.005905,            0.005905,            0.005905
                  93,            0.023902,            0.027843,           0.0044249,             0.98848,             0.99085,             0.99327,             0.85899,            0.015385,            0.013726,           0.0012478,             0.00586,             0.00586,             0.00586
                  94,            0.023672,            0.026508,           0.0038933,             0.98875,             0.98962,             0.99257,             0.85854,            0.015304,            0.013658,           0.0011197,            0.005815,            0.005815,            0.005815
                  95,            0.023361,            0.027104,           0.0040806,             0.98929,             0.99116,             0.99356,             0.86297,            0.014442,            0.013333,           0.0010678,             0.00577,             0.00577,             0.00577
                  96,            0.023846,            0.029384,           0.0044507,             0.98754,             0.98646,             0.99239,             0.87006,            0.014425,            0.013192,           0.0012808,            0.005725,            0.005725,            0.005725
                  97,             0.02373,            0.028157,           0.0038544,             0.98191,             0.99143,             0.99259,             0.87403,            0.014153,            0.012875,           0.0012062,             0.00568,             0.00568,             0.00568
                  98,            0.023098,            0.027186,           0.0040934,             0.99307,             0.99168,             0.99303,             0.87673,            0.014094,            0.012939,           0.0010929,            0.005635,            0.005635,            0.005635
                  99,            0.022747,            0.025792,           0.0037966,             0.99448,             0.99167,             0.99339,             0.87578,            0.014188,             0.01287,           0.0010004,             0.00559,             0.00559,             0.00559
                 100,            0.023583,            0.026335,           0.0041027,             0.99446,             0.99207,             0.99389,             0.87149,            0.014417,            0.013142,           0.0010402,            0.005545,            0.005545,            0.005545
                 101,            0.023534,            0.027043,            0.004314,             0.99601,             0.99133,             0.99428,             0.86759,            0.015217,             0.01303,           0.0010875,              0.0055,              0.0055,              0.0055
                 102,            0.024059,            0.025641,           0.0041282,              0.9938,             0.98891,             0.99363,             0.88235,            0.013597,            0.012749,           0.0011031,            0.005455,            0.005455,            0.005455
                 103,            0.023828,             0.02819,           0.0043551,             0.99482,             0.99156,             0.99424,             0.88186,            0.013698,             0.01257,          0.00094819,             0.00541,             0.00541,             0.00541
                 104,            0.022847,            0.025436,           0.0038208,             0.99339,             0.99217,             0.99369,             0.87152,            0.013987,            0.012939,           0.0009387,            0.005365,            0.005365,            0.005365
                 105,            0.022942,            0.026331,           0.0042033,             0.98994,             0.99098,             0.99441,             0.87387,            0.014088,            0.012761,           0.0010712,             0.00532,             0.00532,             0.00532
                 106,            0.022741,            0.024981,           0.0041113,             0.99518,             0.98867,             0.99442,              0.8852,            0.013263,            0.012415,           0.0010616,            0.005275,            0.005275,            0.005275
                 107,            0.022655,            0.026902,           0.0039346,             0.99458,             0.99159,             0.99415,             0.88997,            0.013301,            0.012478,              0.0011,             0.00523,             0.00523,             0.00523
                 108,            0.022526,            0.027302,           0.0038713,             0.99295,              0.9921,             0.99433,             0.89822,            0.012434,            0.012145,          0.00099118,            0.005185,            0.005185,            0.005185
                 109,            0.022033,             0.02569,           0.0037193,             0.99463,             0.99104,             0.99465,             0.88478,            0.013547,            0.012583,          0.00091007,             0.00514,             0.00514,             0.00514
                 110,            0.023489,            0.027288,            0.003851,             0.99556,             0.99292,             0.99452,               0.893,              0.0131,            0.012347,          0.00094154,            0.005095,            0.005095,            0.005095
                 111,            0.021987,            0.023662,           0.0040061,              0.9923,             0.99522,              0.9946,             0.89478,            0.012584,            0.011993,          0.00095801,             0.00505,             0.00505,             0.00505
                 112,            0.021684,            0.025066,           0.0038875,             0.99514,             0.99635,             0.99467,             0.89034,            0.013551,            0.012205,           0.0010377,            0.005005,            0.005005,            0.005005
                 113,            0.021937,            0.025024,           0.0038433,              0.9948,             0.99412,             0.99463,             0.88259,            0.012821,            0.012052,           0.0010096,             0.00496,             0.00496,             0.00496
                 114,            0.021019,             0.02497,           0.0035464,             0.99466,             0.99658,             0.99471,             0.89066,            0.012645,            0.012062,           0.0008994,            0.004915,            0.004915,            0.004915
                 115,            0.022386,            0.027076,           0.0036635,              0.9955,             0.99348,             0.99458,              0.8917,            0.013215,            0.012212,          0.00094382,             0.00487,             0.00487,             0.00487
                 116,            0.022298,            0.026352,           0.0040015,             0.99586,             0.99528,             0.99455,             0.89391,            0.012495,            0.011747,          0.00090387,            0.004825,            0.004825,            0.004825
                 117,            0.022302,            0.026617,           0.0038699,             0.99448,             0.99617,             0.99449,             0.89608,            0.012745,            0.011688,          0.00089658,             0.00478,             0.00478,             0.00478
                 118,            0.022102,             0.02591,           0.0037536,             0.99338,             0.99607,             0.99457,             0.89858,            0.012586,            0.011779,          0.00092325,            0.004735,            0.004735,            0.004735
                 119,            0.022116,            0.026884,           0.0038684,             0.99354,             0.99492,             0.99465,              0.8942,            0.013129,            0.011672,          0.00092595,             0.00469,             0.00469,             0.00469
                 120,            0.021209,            0.024934,           0.0033994,             0.99433,             0.99749,             0.99462,             0.89102,            0.012828,            0.011906,          0.00083067,            0.004645,            0.004645,            0.004645
                 121,             0.02228,            0.025976,           0.0038403,             0.99468,             0.99533,             0.99455,             0.90517,             0.01162,            0.011407,          0.00084998,              0.0046,              0.0046,              0.0046
                 122,            0.020844,            0.024678,            0.003467,             0.99483,             0.99652,             0.99461,             0.90244,            0.012208,            0.011607,          0.00082255,            0.004555,            0.004555,            0.004555
                 123,            0.021646,            0.025557,            0.003421,             0.99533,             0.99673,             0.99466,             0.90322,            0.011871,            0.011462,           0.0008211,             0.00451,             0.00451,             0.00451
                 124,            0.021174,            0.025446,           0.0034798,             0.99495,             0.99587,             0.99461,             0.90353,            0.012124,            0.011724,          0.00086294,            0.004465,            0.004465,            0.004465
                 125,            0.021302,            0.025397,           0.0036602,             0.99404,             0.99636,             0.99462,             0.90416,            0.011879,            0.011387,          0.00086061,             0.00442,             0.00442,             0.00442
                 126,            0.021533,            0.025488,            0.003484,               0.995,             0.99642,             0.99465,             0.90348,            0.011774,            0.011521,          0.00081086,            0.004375,            0.004375,            0.004375
                 127,            0.021409,            0.025587,           0.0036423,             0.99492,             0.99659,             0.99467,             0.89609,            0.012071,            0.011438,          0.00079201,             0.00433,             0.00433,             0.00433
                 128,            0.022271,            0.025611,           0.0038427,             0.99484,             0.99678,             0.99462,             0.90951,            0.011322,            0.011231,           0.0008587,            0.004285,            0.004285,            0.004285
                 129,             0.02078,            0.023892,           0.0036158,             0.99424,             0.99533,             0.99463,             0.90431,            0.011296,             0.01117,          0.00088463,             0.00424,             0.00424,             0.00424
                 130,            0.020533,            0.023697,           0.0033293,             0.99479,             0.99742,             0.99469,             0.91355,            0.011411,            0.011075,          0.00077741,            0.004195,            0.004195,            0.004195
                 131,            0.021058,            0.025678,           0.0034393,             0.99461,              0.9984,             0.99459,             0.91041,            0.011652,            0.011217,          0.00074919,             0.00415,             0.00415,             0.00415
                 132,            0.020462,            0.023943,           0.0034107,              0.9954,             0.99811,             0.99463,             0.91122,            0.011544,            0.011285,          0.00078082,            0.004105,            0.004105,            0.004105
                 133,            0.019978,            0.025302,           0.0032111,             0.99543,             0.99687,             0.99463,             0.90976,            0.012046,            0.011485,          0.00087259,             0.00406,             0.00406,             0.00406
                 134,            0.020518,            0.024249,           0.0033118,             0.99574,             0.99593,             0.99466,             0.91236,            0.011255,            0.011134,          0.00087542,            0.004015,            0.004015,            0.004015
                 135,            0.020153,            0.023927,            0.003261,             0.99591,              0.9964,             0.99472,             0.90748,            0.011255,            0.011106,          0.00078281,             0.00397,             0.00397,             0.00397
                 136,            0.020171,            0.022957,            0.002956,             0.99612,             0.99454,             0.99471,             0.91113,            0.011307,            0.011105,          0.00071055,            0.003925,            0.003925,            0.003925
                 137,            0.020365,            0.023945,           0.0031375,             0.99626,             0.99477,             0.99473,             0.91236,            0.011062,            0.010951,          0.00072621,             0.00388,             0.00388,             0.00388
                 138,            0.019172,            0.023598,           0.0030249,             0.99687,             0.99402,             0.99471,             0.91768,            0.011122,             0.01109,          0.00073229,            0.003835,            0.003835,            0.003835
                 139,            0.020422,            0.024682,           0.0035245,             0.99712,             0.99508,              0.9947,             0.91468,            0.010719,            0.010731,          0.00078963,             0.00379,             0.00379,             0.00379
                 140,            0.019971,            0.023476,            0.003142,             0.99587,             0.99651,             0.99453,              0.9178,            0.011069,            0.010962,          0.00079893,            0.003745,            0.003745,            0.003745
                 141,            0.020496,            0.024514,           0.0034319,              0.9959,             0.99614,             0.99443,             0.91276,            0.011171,            0.010876,          0.00073327,              0.0037,              0.0037,              0.0037
                 142,            0.019096,            0.021495,           0.0028479,             0.99556,               0.998,             0.99466,             0.91537,            0.011105,            0.010934,          0.00066728,            0.003655,            0.003655,            0.003655
                 143,             0.01935,            0.022386,           0.0029709,             0.99586,             0.99704,             0.99476,             0.91463,            0.010727,            0.010768,          0.00065877,             0.00361,             0.00361,             0.00361
                 144,            0.019486,            0.023932,           0.0032624,             0.99427,             0.99757,             0.99474,             0.91586,            0.010678,             0.01069,          0.00068537,            0.003565,            0.003565,            0.003565
                 145,            0.019745,             0.02447,           0.0034024,             0.98959,              0.9955,             0.99451,             0.92439,            0.010352,            0.010501,          0.00076627,             0.00352,             0.00352,             0.00352
                 146,              0.0184,            0.023784,           0.0031054,             0.99525,             0.99721,              0.9947,              0.9317,            0.010131,            0.010233,          0.00074283,            0.003475,            0.003475,            0.003475
                 147,            0.020131,            0.024291,           0.0031324,             0.99649,             0.99695,             0.99475,             0.91576,            0.010746,            0.010825,          0.00073216,             0.00343,             0.00343,             0.00343
                 148,            0.018079,            0.021944,           0.0028579,             0.99635,              0.9966,             0.99476,             0.92551,            0.010624,             0.01043,           0.0006921,            0.003385,            0.003385,            0.003385
                 149,            0.017861,            0.022018,           0.0026778,             0.99529,             0.99689,             0.99477,             0.92244,            0.010346,            0.010313,          0.00070575,             0.00334,             0.00334,             0.00334
                 150,            0.018806,            0.022922,           0.0030773,             0.99614,             0.99545,             0.99474,             0.92714,            0.010108,              0.0102,           0.0007497,            0.003295,            0.003295,            0.003295
                 151,            0.018487,             0.02331,           0.0031932,             0.99474,             0.99533,             0.99462,             0.92132,            0.010637,            0.010513,          0.00075204,             0.00325,             0.00325,             0.00325
                 152,            0.019641,            0.023139,           0.0030395,             0.99681,             0.99496,             0.99456,             0.93125,            0.010034,            0.010231,           0.0006808,            0.003205,            0.003205,            0.003205
                 153,            0.019018,            0.023531,           0.0030435,             0.99592,             0.99497,             0.99451,             0.93149,            0.010246,            0.010469,          0.00066793,             0.00316,             0.00316,             0.00316
                 154,            0.018995,            0.023326,           0.0031574,             0.99566,             0.99652,             0.99465,             0.93394,            0.010037,            0.010224,          0.00064215,            0.003115,            0.003115,            0.003115
                 155,            0.018425,            0.020825,           0.0029546,             0.99463,             0.99584,             0.99468,             0.93564,            0.009981,            0.010075,          0.00065435,             0.00307,             0.00307,             0.00307
                 156,             0.01909,            0.023082,           0.0029455,             0.99632,             0.99656,             0.99468,             0.93393,           0.0099579,            0.010027,          0.00064998,            0.003025,            0.003025,            0.003025
                 157,            0.018676,            0.022686,           0.0030012,             0.99614,             0.99696,             0.99465,             0.93447,           0.0097898,           0.0098719,          0.00065473,             0.00298,             0.00298,             0.00298
                 158,            0.018123,            0.021323,           0.0027417,              0.9954,             0.99592,             0.99466,             0.92736,            0.010157,            0.010152,          0.00065738,            0.002935,            0.002935,            0.002935
                 159,            0.018516,            0.024077,           0.0028985,             0.99594,             0.99729,              0.9947,             0.93352,           0.0098669,           0.0099367,          0.00061508,             0.00289,             0.00289,             0.00289
                 160,            0.018272,            0.023567,           0.0027366,              0.9967,              0.9971,             0.99468,             0.93742,           0.0097587,           0.0097835,          0.00058272,            0.002845,            0.002845,            0.002845
                 161,            0.019601,            0.023755,           0.0032162,             0.99613,             0.99691,             0.99465,             0.93571,           0.0097709,           0.0098272,          0.00057692,              0.0028,              0.0028,              0.0028
                 162,            0.017665,            0.022311,           0.0026979,              0.9959,             0.99813,             0.99467,              0.9388,           0.0097051,           0.0098285,          0.00058071,            0.002755,            0.002755,            0.002755
                 163,             0.01806,            0.021093,           0.0027288,             0.99548,             0.99825,             0.99472,             0.93532,           0.0096493,           0.0097522,          0.00062819,             0.00271,             0.00271,             0.00271
                 164,             0.01751,            0.020238,           0.0028283,             0.99653,             0.99634,              0.9947,             0.93523,            0.009829,           0.0097797,          0.00064817,            0.002665,            0.002665,            0.002665
                 165,            0.017462,            0.021877,           0.0026491,             0.99576,             0.99664,             0.99469,              0.9285,           0.0099523,           0.0098364,          0.00062826,             0.00262,             0.00262,             0.00262
                 166,            0.018127,            0.022015,           0.0028189,             0.99587,             0.99725,             0.99478,             0.93319,           0.0097934,           0.0098216,          0.00059534,            0.002575,            0.002575,            0.002575
                 167,             0.01763,            0.021683,           0.0028796,             0.99649,              0.9958,             0.99474,             0.94214,           0.0092942,           0.0096142,          0.00055886,             0.00253,             0.00253,             0.00253
                 168,            0.017347,            0.022837,           0.0026522,              0.9954,             0.99709,             0.99476,             0.93942,           0.0093878,           0.0097493,          0.00055793,            0.002485,            0.002485,            0.002485
                 169,            0.017867,             0.02211,           0.0027162,             0.99476,             0.99705,             0.99476,              0.9423,           0.0092545,           0.0096387,          0.00057747,             0.00244,             0.00244,             0.00244
                 170,            0.017089,            0.021084,            0.002738,             0.99407,             0.99614,             0.99472,             0.94005,            0.009519,           0.0098237,          0.00059196,            0.002395,            0.002395,            0.002395
                 171,            0.018252,            0.022736,            0.003121,             0.99547,             0.99775,             0.99469,             0.94593,           0.0092326,           0.0094854,          0.00057604,             0.00235,             0.00235,             0.00235
                 172,            0.017635,            0.021565,           0.0028368,             0.99415,             0.99684,             0.99471,              0.9478,           0.0090065,           0.0093103,          0.00056689,            0.002305,            0.002305,            0.002305
                 173,            0.017821,            0.023268,           0.0029492,             0.99606,             0.99716,             0.99475,             0.94942,           0.0090552,           0.0095383,          0.00054827,             0.00226,             0.00226,             0.00226
                 174,            0.017436,            0.021046,           0.0026901,             0.99566,             0.99732,             0.99481,             0.94159,           0.0092474,           0.0095744,          0.00054238,            0.002215,            0.002215,            0.002215
                 175,            0.015607,             0.02118,           0.0022328,             0.99669,             0.99641,             0.99481,             0.93957,           0.0093111,           0.0097665,          0.00052083,             0.00217,             0.00217,             0.00217
                 176,            0.015987,            0.020683,           0.0022629,             0.99635,             0.99738,             0.99482,             0.94341,           0.0090262,           0.0095321,          0.00050986,            0.002125,            0.002125,            0.002125
                 177,               0.017,            0.020712,           0.0027527,             0.99577,             0.99763,             0.99483,             0.94572,           0.0089489,           0.0094225,          0.00051869,             0.00208,             0.00208,             0.00208
                 178,            0.017526,            0.021396,           0.0029192,             0.99675,             0.99821,             0.99483,             0.95189,            0.008736,           0.0092688,          0.00053741,            0.002035,            0.002035,            0.002035
                 179,            0.016496,            0.020154,           0.0026055,             0.99585,             0.99757,             0.99481,             0.94744,           0.0088888,           0.0092553,           0.0005424,             0.00199,             0.00199,             0.00199
                 180,            0.016571,            0.020821,           0.0027033,             0.99635,             0.99748,             0.99478,             0.95314,           0.0087522,           0.0092033,          0.00052277,            0.001945,            0.001945,            0.001945
                 181,            0.017322,            0.020695,           0.0027358,             0.99521,             0.99878,             0.99476,             0.94928,           0.0088102,           0.0092776,          0.00051814,              0.0019,              0.0019,              0.0019
                 182,            0.017162,            0.021889,           0.0027883,             0.99493,             0.99827,             0.99476,             0.95421,           0.0086608,           0.0089986,           0.0005121,            0.001855,            0.001855,            0.001855
                 183,            0.015758,            0.019616,           0.0023585,             0.99606,             0.99644,             0.99477,              0.9555,           0.0086844,           0.0090589,          0.00049598,             0.00181,             0.00181,             0.00181
                 184,            0.016582,             0.02114,           0.0025454,             0.99508,             0.99917,             0.99474,             0.95445,           0.0085569,           0.0089882,          0.00048535,            0.001765,            0.001765,            0.001765
                 185,            0.016726,            0.021045,           0.0027389,             0.99523,              0.9989,             0.99476,             0.95537,           0.0086178,           0.0089311,          0.00048044,             0.00172,             0.00172,             0.00172
                 186,            0.015832,            0.019878,            0.002436,             0.99768,             0.99686,             0.99483,              0.9534,           0.0085011,           0.0088756,          0.00047251,            0.001675,            0.001675,            0.001675
                 187,            0.016311,            0.019103,           0.0024983,             0.99703,             0.99718,             0.99483,             0.95376,           0.0086074,           0.0089328,          0.00046669,             0.00163,             0.00163,             0.00163
                 188,            0.016245,            0.021634,           0.0026163,             0.99621,             0.99827,              0.9948,             0.95801,           0.0084498,           0.0089296,          0.00045777,            0.001585,            0.001585,            0.001585
                 189,            0.016626,            0.019518,           0.0027178,             0.99638,             0.99778,             0.99481,             0.95866,           0.0082932,           0.0087543,          0.00045042,             0.00154,             0.00154,             0.00154
                 190,            0.015726,            0.018718,           0.0023468,             0.99567,              0.9981,             0.99484,             0.96041,            0.008183,           0.0086822,          0.00044539,            0.001495,            0.001495,            0.001495
                 191,            0.016817,            0.020703,           0.0027154,             0.99609,             0.99884,             0.99482,             0.96021,           0.0082635,           0.0086032,          0.00043747,             0.00145,             0.00145,             0.00145
                 192,            0.015954,            0.020343,           0.0023937,             0.99613,             0.99841,              0.9948,              0.9574,           0.0082682,           0.0086525,          0.00043416,            0.001405,            0.001405,            0.001405
                 193,             0.01575,            0.021026,           0.0022724,             0.99674,             0.99813,             0.99483,             0.95885,           0.0080903,           0.0086174,          0.00042753,             0.00136,             0.00136,             0.00136
                 194,            0.015463,            0.019244,           0.0023788,             0.99591,             0.99881,             0.99486,             0.95611,           0.0081346,           0.0085548,          0.00041525,            0.001315,            0.001315,            0.001315
                 195,            0.015156,            0.018977,           0.0022267,             0.99622,             0.99839,             0.99485,              0.9568,           0.0081144,           0.0085071,          0.00040623,             0.00127,             0.00127,             0.00127
                 196,            0.015255,            0.019626,           0.0023898,             0.99648,             0.99736,             0.99486,              0.9612,           0.0080471,           0.0084199,          0.00040581,            0.001225,            0.001225,            0.001225
                 197,            0.016735,            0.020924,           0.0027817,             0.99737,             0.99619,             0.99487,             0.96126,           0.0080623,           0.0083928,          0.00040312,             0.00118,             0.00118,             0.00118
                 198,            0.015852,            0.019319,           0.0023153,             0.99636,             0.99755,             0.99486,             0.96292,           0.0079604,           0.0084116,          0.00040079,            0.001135,            0.001135,            0.001135
                 199,            0.015685,            0.019133,           0.0024213,             0.99792,             0.99614,             0.99482,             0.96042,           0.0080298,           0.0086219,          0.00039947,             0.00109,             0.00109,             0.00109
